<?xml version="1.0" encoding="UTF-8"?>
<project-private xmlns="http://www.netbeans.org/ns/project-private/1">
    <editor-bookmarks xmlns="http://www.netbeans.org/ns/editor-bookmarks/2" lastBookmarkId="0"/>
    <open-files xmlns="http://www.netbeans.org/ns/projectui-open-files/2">
        <group>
            <file>file:/C:/Users/white%20power/Desktop/414/test/public_html/js/shapes.js</file>
            <file>file:/C:/Users/white%20power/Desktop/414/test/public_html/js/app.js</file>
            <file>file:/C:/Users/white%20power/Desktop/414/test/public_html/js/shaders.js</file>
        </group>
    </open-files>
</project-private>
